New Jersey: Mt. Holly,kdix
Alabama: Birmingham,kmbx
Alabama: E. Alabama,kmxx
Alabama: Fort Rucker,keox
Alabama: Mobile,kmob
Alabama: N. Alabama,khtx
Alaska: Bethel,pabc
Alaska: Biokra Is.,pacg
Alaska: Fairbanks,papd
Alaska: Kenai,pahg
Alaska: King Salmon,pakc
Alaska: Middleton Is.,paih
Alaska: Nome,paec
Alaska: Pedro Dome,papd
Alaska: Sitka,pacg
Arizona: Flagstaff,kfsx
Arizona: Phoenix,kiwa
Arizona: Tuscon,kemx
Arizona: Yuma,kyux
Arkansas: Little Rock,klzk
Arkansas: W. Ark./Ft. Smith,ksrx
California: Beale AFB,kbbx
California: Edwards AFB,keyx
California: Eureka,kbhx
California: Hanford,khnx
California: Los Angeles,kvtx
California: Sacramento,kdax
California: San Diego,knkx
California: San Francisco,kmux
California: San Joaquin Vly.,khnx
California: Santa Ana Mnts.,ksox
California: Vandenberg AFB,kvbx
Colorado: Denver/Boulder,kftg
Colorado: Grand Junction,kgjx
Colorado: Pueblo,kpux
Delaware: Dover AFB,kdox
Florida: Eglin AFB,kevx
Florida: Jacksonville,kjax
Florida: Key West,kbyx
Florida: Melbourne,kmlb
Florida: Miami,kamx
Florida: NW Florida,kevx
Florida: Tallahassee,ktlh
Florida: Tampa Bay Area,ktbw
Georgia: Atlanta,kffc
Georgia: Moody AFB,kvax
Georgia: Peachtree City,kffc
Georgia: Robins AFB,kjgx
Guam: Anderson AFB,pgua
Hawaii: Kauai,phki
Hawaii: Kohala,phkm
Hawaii: Molokai,phmo
Hawaii: South Shore,phwa
Idaho: Boise,kcbx
Idaho: Pocatello,ksfx
Illinois: Central IL,kilx
Illinois: Chicago,klot
Indiana: Evansville,kvwx
Indiana: Indianapolis,kind
Indiana: N. Indiana,kiwx
Iowa: Des Moines,kdmx
Iowa: Quad Cities,kdvn
Kansas: Dodge City,kddc
Kansas: Goodland,kgld
Kansas: Topeka,ktwx
Kansas: Wichita,kict
Kentucky: Fort Cambell,khpx
Kentucky: Jackson,kjkl
Kentucky: Louisville,klvx
Kentucky: Paducah,kpah
Louisiana: Fort Polk,kpoe
Louisiana: Lake Charles,klch
Louisiana: New Orleans,klix
Louisiana: Shreveport,kshv
Maine: Caribou,kcbw
Maine: Portland,kgyx
Maryland: Baltimore,klwx
Massachusetts: Boston,kbox
Michigan: Detroit,kdtx
Michigan: Gaylord,kapx
Michigan: Grand Rapids,kgrr
Michigan: Marquette,kmqt
Minnesota: Duluth,kdlh
Minnesota: Minneapolis,kmpx
Mississippi: Columbus AFB,kgwx
Mississippi: Brandon/Jackson,kdgx
Missouri: Kansas City,keax
Missouri: Springfield,ksgf
Missouri: St. Louis,klsx
Montana: Billings,kblx
Montana: Glasgow,kggw
Montana: Great Falls,ktfx
Montana: Missoula,kmsx
Nebraska: Hastings,kuex
Nebraska: North Platte,klnx
Nebraska: Omaha,koax
Nevada: Elko,klrx
Nevada: Las Vegas,kesx
Nevada: Reno,krgx
New Mexico: Albuquerque,kabx
New Mexico: Cannon AFB,kfdx
New Mexico: Holloman AFB,khdx
New York: Albany,kenx
New York: Binghamton,kbgm
New York: Buffalo,kbuf
New York: Montague,ktyx
New York: New York City,kokx
New York: Upton,kokx
North Carolina: Durham,krax
North Carolina: Morehead City,kmhx
North Carolina: Raleigh,krax
North Carolina: Wilmington,kltx
North Dakota: Bismarck,kbis
North Dakota: Grand Forks,kmvx
North Dakota: Minot AFB,kmbx
Ohio: Cincinnati,kiln
Ohio: Cleveland,kcle
Ohio: Dayton,kiln
Ohio: Wilmington,kiln
Oklahoma: Frederick,kfdr
Oklahoma: Oklahoma City,ktlx
Oklahoma: Tulsa,kinx
Oklahoma: Vance AFB,kvnx
Oregon: Medford,kmax
Oregon: Pendelton,kpdt
Oregon: Portland,krtx
Pennsylvania: Philadelphia,kdix
Pennsylvania: Pittsburgh,kpbz
Pennsylvania: State College,kccx
Puerto Rico: Puerto Rico/V.I.,tjua
South Carolina: Charleston,kclx
South Carolina: Columbia,kcae
South Carolina: Greenville,kgsp
South Carolina: Spartanburg,kgsp
South Carolina: Greer,kgsp
South Dakota: Aberdeen,kabr
South Dakota: Rapid City,kudx
South Dakota: Sioux Falls,kfsd
Tennessee: Knoxville,kmrx
Tennessee: Memphis,kqna
Tennessee: Morristown,kmrx
Tennessee: Nashville,kohx
Tennessee: Tri Cities,kmrx
Texas: Amarillo,kama
Texas: Austin,kewx
Texas: Brownsville,kbro
Texas: Central Texas,kgrk
Texas: Corpus Cristi,kcrp
Texas: Dallas,kfws
Texas: Dyess AFB,kdyx
Texas: El Passo,kepz
Texas: Fort Worth,kfws
Texas: Galveston,khgx
Texas: Houston,khgx
Texas: Laughlin AFB,kdfx
Texas: Lubbock,klbb
Texas: Midland/Odessa,kmaf
Texas: San Angelo,ksjt
Texas: San Antonio,kewx
Utah: Cedar City,kicx
Utah: Salt Lake City,kmtx
Vermont: Burlington,kcxx
Virginia: Blacksburg,kfcx
Virginia: Norfolk,kakq
Virginia: Roanoke,kfcx
Virginia: Sterling,klwx
Virginia: Wakefield,kakq
Washington: Seattle,katx
Washington: Spokane,kotx
Washington: Tacoma,katx
Washington DC: Washington,klwx
West Virginia: Charleston,krlx
Wisconsin: Green Bay,kgrb
Wisconsin: La Crosse,karx
Wisconsin: Milwaukee,kmkx
Wyoming: Cheyenne,kcys
Wyoming: Riverton,kriw
